customer_id,customer_name
1,Robert Walker
2,Sofia Hernandez
3,Brian Martin
4,Sarah Garcia
5,Ava Lee
6,David Anderson
7,Linda Martinez
8,Robert Moore
9,Chris Smith
10,Emma Thomas
11,Sarah Martinez
12,Robert Wilson
13,James Thomas
14,David Wilson
15,Maria Lopez
16,Daniel Johnson
17,Maria Hall
18,Maria Garcia
19,Chris Johnson
20,Olivia Smith
21,Ava Thomas
22,Brian Wilson
23,Chris Martin
24,Ava Brown
25,Linda Hernandez
26,Mia Martinez
27,Michael Smith
28,Brian Hall
29,Maria Thomas
30,Sarah Brown
31,Kevin Johnson
32,Robert Lopez
33,David Brown
34,Sarah Hernandez
35,Kevin Brown
36,Chris Thomas
37,Ava Lee
38,Maria Martin
39,Emma Wilson
40,Robert Brown
41,Sofia Martinez
42,James Brown
43,Olivia Johnson
44,Sofia Martinez
45,Kevin Hernandez
46,Sarah Thomas
47,Sarah Johnson
48,Daniel Moore
49,Ava Johnson
50,Robert Davis
51,Kevin Anderson
52,Sofia Anderson
53,Kevin Brown
54,Linda Hall
55,Maria Moore
56,Olivia Martin
57,Mia Brown
58,Kevin Moore
59,Chris Moore
60,Robert Lee
61,Kevin Anderson
62,Maria Garcia
63,Emma Smith
64,Michael Martinez
65,Olivia Martin
66,Sarah Martin
67,Robert Lopez
68,Brian Walker
69,Robert Moore
70,Kevin Walker
71,Kevin Martinez
72,Robert Davis
73,Linda Martin
74,Mia Wilson
75,Brian Hernandez
76,Robert Hernandez
77,Chris Hall
78,David Hall
79,Linda Anderson
80,Kevin Garcia
81,Michael Hall
82,Michael Wilson
83,Chris Garcia
84,Brian Garcia
85,Ava Lee
86,Sofia Wilson
87,Maria Wilson
88,James Lee
89,Daniel Anderson
90,Sarah Johnson
91,Michael Johnson
92,Daniel Martin
93,Robert Thomas
94,Kevin Lee
95,David Anderson
96,Sarah Garcia
97,Robert Lee
98,Chris Thomas
99,Sarah Wilson
100,Ava Lee
101,Sofia Hall
102,Sarah Lee
103,Ava Martin
104,James Wilson
105,Robert Brown
106,Chris Hernandez
107,James Brown
108,Kevin Brown
109,Sofia Hernandez
110,Linda Lee
111,Daniel Smith
112,Kevin Brown
113,Kevin Martinez
114,Maria Wilson
115,David Lee
116,Sarah Martin
117,David Moore
118,David Wilson
119,James Moore
120,Ava Smith
121,Olivia Thomas
122,Linda Hall
123,Kevin Lee
124,Mia Moore
125,Ava Lee
126,Chris Martinez
127,Sarah Walker
128,Mia Moore
129,Sarah Davis
130,Mia Martin
131,Olivia Lee
132,Olivia Martinez
133,Robert Martinez
134,Robert Smith
135,Mia Martinez
136,Sofia Martinez
137,Kevin Garcia
138,Olivia Lee
139,David Lopez
140,Kevin Martin
141,Linda Wilson
142,Sofia Martinez
143,Ava Walker
144,Mia Martin
145,James Moore
146,Emma Thomas
147,Daniel Anderson
148,Olivia Lee
149,Emma Smith
150,Mia Garcia
151,James Smith
152,Michael Moore
153,Chris Hernandez
154,Sarah Lee
155,Emma Martin
156,David Martin
157,Maria Lee
158,Michael Martin
159,Sarah Martin
160,Chris Davis
161,Mia Lopez
162,Linda Brown
163,Linda Martin
164,Daniel Davis
165,Chris Wilson
166,Robert Johnson
167,James Lee
168,James Brown
169,James Johnson
170,Brian Smith
171,Michael Walker
172,Ava Davis
173,Emma Lopez
174,Olivia Wilson
175,Emma Martin
176,Daniel Garcia
177,Daniel Johnson
178,Michael Smith
179,Linda Martinez
180,Kevin Martinez
181,Linda Brown
182,Olivia Anderson
183,Sarah Johnson
184,Robert Hall
185,Ava Wilson
186,Brian Martinez
187,Sofia Smith
188,Mia Johnson
189,Sofia Johnson
190,David Lee
191,Brian Hernandez
192,Kevin Davis
193,Sarah Thomas
194,James Davis
195,Maria Martinez
196,Chris Moore
197,Sofia Smith
198,Sarah Anderson
199,Linda Wilson
200,James Smith
201,Michael Wilson
202,Ava Martinez
203,David Smith
204,Chris Brown
205,Emma Johnson
206,Michael Anderson
207,Daniel Hall
208,David Johnson
209,Ava Thomas
210,Kevin Hall
211,Mia Martin
212,David Anderson
213,Sarah Wilson
214,Daniel Martin
215,Linda Thomas
216,Sarah Wilson
217,Sofia Lee
218,Kevin Lee
219,Daniel Hernandez
220,Linda Martin
221,Mia Wilson
222,Ava Moore
223,Robert Walker
224,Sarah Garcia
225,Daniel Lee
226,Olivia Moore
227,Brian Smith
228,Linda Davis
229,Chris Lee
230,Sarah Moore
231,Emma Johnson
232,David Moore
233,Ava Brown
234,Chris Martinez
235,James Hernandez
236,James Hernandez
237,David Walker
238,Chris Lopez
239,Robert Martin
240,Olivia Wilson
241,David Martinez
242,Daniel Johnson
243,Mia Lee
244,Chris Hernandez
245,David Wilson
246,Maria Hall
247,Sofia Garcia
248,Daniel Lee
249,Linda Martinez
250,Kevin Davis
251,Chris Martin
252,Emma Smith
253,Olivia Smith
254,James Walker
255,Olivia Brown
256,Brian Garcia
257,Maria Hernandez
258,James Johnson
259,Sofia Martinez
260,Mia Thomas
261,Daniel Hernandez
262,Ava Martin
263,Robert Hernandez
264,Sofia Garcia
265,Brian Thomas
266,Kevin Hall
267,Linda Moore
268,Linda Smith
269,Emma Garcia
270,James Brown
271,Linda Hernandez
272,Mia Lopez
273,Sarah Johnson
274,David Moore
275,James Garcia
276,Daniel Garcia
277,Linda Garcia
278,Olivia Johnson
279,Daniel Hernandez
280,Brian Anderson
281,Sarah Brown
282,Kevin Martinez
283,Michael Hernandez
284,Michael Lee
285,Kevin Martinez
286,Emma Hall
287,Sofia Anderson
288,Chris Hall
289,Emma Johnson
290,Daniel Thomas
291,Robert Moore
292,Emma Wilson
293,Robert Johnson
294,Sofia Garcia
295,David Smith
296,David Walker
297,Brian Wilson
298,Sofia Martinez
299,Chris Wilson
300,Chris Thomas
