item_id,item_name,category,price
1,Classic Burger,Mains,12.99
2,BBQ Bacon Burger,Mains,14.99
3,Grilled Chicken Sandwich,Mains,11.99
4,Veggie Wrap,Mains,10.99
5,Margherita Pizza,Mains,13.99
6,Pepperoni Pizza,Mains,14.99
7,Caesar Salad,Starters,8.99
8,Loaded Nachos,Starters,9.99
9,Mozzarella Sticks,Starters,7.99
10,Chicken Wings (8),Starters,10.99
11,Chocolate Lava Cake,Desserts,6.99
12,Cheesecake Slice,Desserts,6.49
13,Vanilla Milkshake,Drinks,5.99
14,Craft Lemonade,Drinks,3.99
15,Iced Tea,Drinks,2.99
16,House Coffee,Drinks,2.49
17,Fish Tacos,Mains,12.49
18,Steak Fajitas,Mains,16.99
19,Onion Rings,Starters,5.99
20,Brownie Sundae,Desserts,6.99
