Month,Channel,Spend,Impressions,Clicks,Conversions,Revenue
2025-10,Google Search,9652.58,474645,16154,684,58728.24
2025-10,Meta Ads,6224.57,951745,15991,344,26216.24
2025-10,TikTok Ads,5827.76,1338066,27698,322,18717.86
2025-10,Email,884.21,125895,3957,234,15357.42
2025-10,YouTube Ads,4142.91,759203,8517,110,8134.5
2025-10,Affiliate,2217.61,202688,3863,147,11807.04
2025-11,Google Search,9662.73,366479,12932,525,46273.5
2025-11,Meta Ads,7150.66,921440,16617,470,32660.3
2025-11,TikTok Ads,5039.47,1400347,33046,410,22992.8
2025-11,Email,869.87,115989,3514,192,12503.04
2025-11,YouTube Ads,3941.28,736778,8787,116,8378.68
2025-11,Affiliate,2801.39,228964,4681,142,11141.32
2025-12,Google Search,8450.64,429657,13904,536,45495.68
2025-12,Meta Ads,7364.46,944108,18564,474,32549.58
2025-12,TikTok Ads,4668.21,1294725,29208,323,17920.04
2025-12,Email,835.91,103663,3197,193,13156.81
2025-12,YouTube Ads,4433.26,786817,9203,127,9913.62
2025-12,Affiliate,2280.69,218268,3975,143,11031.02
2026-01,Google Search,9378.91,408734,14248,505,40768.65
2026-01,Meta Ads,6336.23,951130,17683,401,30006.83
2026-01,TikTok Ads,4463.89,1396148,33624,439,22744.59
2026-01,Email,741.89,120500,3586,210,15206.1
2026-01,YouTube Ads,3411.3,654852,8095,128,9943.04
2026-01,Affiliate,2509.45,228554,4702,142,11043.34
2026-02,Google Search,9169.42,432423,15815,685,58807.25
2026-02,Meta Ads,7073.77,829209,16163,424,29120.32
2026-02,TikTok Ads,5371.29,1383357,28897,390,19995.3
2026-02,Email,873.18,122788,3338,205,14831.75
2026-02,YouTube Ads,4043.2,607290,6954,89,6888.6
2026-02,Affiliate,2457.97,219128,4271,155,13376.5
2026-03,Google Search,8237.33,425653,13995,572,47893.56
2026-03,Meta Ads,6875.04,1025436,18312,389,28101.36
2026-03,TikTok Ads,4801.99,1283700,28651,320,18371.2
2026-03,Email,842.18,140466,4016,212,15075.32
2026-03,YouTube Ads,3494.44,668461,8596,139,10438.9
2026-03,Affiliate,2352.89,183506,3507,125,9383.75
2026-04,Google Search,10666.83,354952,12484,435,37244.7
2026-04,Meta Ads,7518.92,895932,17396,450,30397.5
2026-04,TikTok Ads,5928.92,1675396,39532,486,26171.1
2026-04,Email,951.92,115480,3484,227,16393.94
2026-04,YouTube Ads,3508.59,616842,7722,99,6960.69
2026-04,Affiliate,2525.8,197693,4066,158,13322.56
2026-05,Google Search,8551.82,470622,17088,659,54242.29
2026-05,Meta Ads,8254.98,1051206,18103,518,34333.04
2026-05,TikTok Ads,4561.27,1339806,27887,355,20440.9
2026-05,Email,854.44,131222,3656,202,13263.32
2026-05,YouTube Ads,4086.27,805723,10153,140,10019.8
2026-05,Affiliate,2366.67,196811,3591,142,11585.78
2026-06,Google Search,8722.64,469665,16347,565,49268.0
2026-06,Meta Ads,6971.95,1015773,17369,443,33699.01
2026-06,TikTok Ads,4384.74,1506785,36432,418,22588.72
2026-06,Email,774.44,105131,3237,208,14686.88
2026-06,YouTube Ads,3400.64,636761,7321,96,6919.68
2026-06,Affiliate,2183.95,206021,4454,148,11372.32
2026-07,Google Search,10264.5,414029,15807,601,47995.86
2026-07,Meta Ads,6484.91,827073,14565,389,25821.82
2026-07,TikTok Ads,5156.31,1789775,40141,542,28991.58
2026-07,Email,800.71,133878,3871,205,14268.0
2026-07,YouTube Ads,3538.47,686436,8193,110,7566.9
2026-07,Affiliate,2413.04,221640,4259,134,10009.8
2026-08,Google Search,9492.42,356260,12931,540,43405.2
2026-08,Meta Ads,7378.1,956395,17228,403,28012.53
2026-08,TikTok Ads,5564.39,1388609,30630,352,19990.08
2026-08,Email,932.36,126405,3853,216,13908.24
2026-08,YouTube Ads,3850.03,596401,6613,89,6807.61
2026-08,Affiliate,2219.56,191137,3473,105,8940.75
2026-09,Google Search,9686.8,438257,15142,692,58944.56
2026-09,Meta Ads,7225.4,892022,16455,416,30867.2
2026-09,TikTok Ads,4507.03,1372974,32013,340,19186.2
2026-09,Email,807.98,130057,4252,289,20949.61
2026-09,YouTube Ads,3837.04,661912,8164,108,8514.72
2026-09,Affiliate,2399.19,225712,4712,167,12346.31
2026-09,TikTok Ads,5200.0,1620000,35640,0,0.0
